{"metaVersion":1,"host":"https://git.joinfirefish.org/firefish/emoji-gen","exportedAt":"2025-09-24T17:48:50.563183843-04:00","emojis":[{"downloaded":true,"fileName":"floppy_lesbian.png","emoji":{"name":"floppy_lesbian","category":"floppypride","aliases":[]}},{"downloaded":true,"fileName":"floppy_bisexual.png","emoji":{"name":"floppy_bisexual","category":"floppypride","aliases":[]}},{"downloaded":true,"fileName":"floppy_transgender.png","emoji":{"name":"floppy_transgender","category":"floppypride","aliases":[]}},{"downloaded":true,"fileName":"floppy_aromantic.png","emoji":{"name":"floppy_aromantic","category":"floppypride","aliases":[]}},{"downloaded":true,"fileName":"floppy_nonbinary.png","emoji":{"name":"floppy_nonbinary","category":"floppypride","aliases":[]}},{"downloaded":true,"fileName":"floppy_intersex.png","emoji":{"name":"floppy_intersex","category":"floppypride","aliases":[]}},{"downloaded":true,"fileName":"floppy_pride.png","emoji":{"name":"floppy_pride","category":"floppypride","aliases":[]}},{"downloaded":true,"fileName":"floppy_asexual.png","emoji":{"name":"floppy_asexual","category":"floppypride","aliases":[]}},{"downloaded":true,"fileName":"floppy_pansexual.png","emoji":{"name":"floppy_pansexual","category":"floppypride","aliases":[]}},{"downloaded":true,"fileName":"floppy_black.png","emoji":{"name":"floppy_black","category":"floppypride","aliases":[]}}]}